building,kwh
Building A,354902858.98908895
Building B,370207316.68581563
Building C,280415887.1912712
